id,error
165853,Expecting value: line 1 column 1 (char 0)
166277,Expecting value: line 1 column 1 (char 0)
166532,Expecting value: line 1 column 1 (char 0)
167675,Expecting value: line 1 column 1 (char 0)
167878,Expecting value: line 1 column 1 (char 0)
167949,Expecting value: line 1 column 1 (char 0)
168574,Expecting value: line 1 column 1 (char 0)
168696,Expecting value: line 1 column 1 (char 0)
169441,Expecting value: line 1 column 1 (char 0)
169729,Expecting value: line 1 column 1 (char 0)
170204,Expecting value: line 1 column 1 (char 0)
170486,Expecting value: line 1 column 1 (char 0)
170711,Expecting value: line 1 column 1 (char 0)
